,id,node_type,feature,threshold,N,impurity,distribution,labels,gpi,pi,gcr,lift_left,lift_right
0,32,Leaf,,,6,0.0,[1.0],['4B'],,,[3.378],,
1,33,Leaf,,,13,0.6745562130177514,"[0.0769, 0.2308, 0.4615, 0.2308]","['1', '2', '3', '4B']",,,"[0.4451, 1.0511, 1.5741, 0.7795]",,
2,16,Internal,Age_at_onset,[1],19,0.6481994459833796,"[0.0526, 0.1579, 0.3158, 0.4737]","['1', '2', '3', '4B']",0.4297029702970295,0.35880886757033326,,"[1.0456, 0.3355, 0.4992, 1.5503]","[1.301, 3.0793, 0.4205, 0.6598]"
3,34,Leaf,,,19,0.5817174515235457,"[0.5263, 0.3684, 0.0526, 0.0526]","['1', '2', '3', '4B']",,,"[3.0457, 1.6781, 0.1795, 0.1778]",,
4,35,Leaf,,,3,0.4444444444444444,"[0.3333, 0.6667]","['1', '4B']",,,"[1.929, 2.252]",,
5,17,Internal,PUMNS_LL,[1 3],22,0.6280991735537189,"[0.5, 0.3182, 0.0455, 0.1364]","['1', '2', '3', '4B']",0.2010650018362101,0.13364248063341005,,"[1.1497, 1.1083, 0.7837, 0.2706]","[0.0471, 0.2397, 5.6173, 4.7289]"
6,8,Internal,MRC_Bulbar,[1 2],41,0.7400356930398573,"[0.2927, 0.2439, 0.1707, 0.2927]","['1', '2', '3', '4B']",0.18149857839811304,0.16968073028652153,,"[0.1006, 1.6309, 1.6558, 0.9911]","[1.9748, 1.0575, 0.4669, 0.2883]"
7,36,Leaf,,,12,0.4444444444444444,"[0.3333, 0.6667]","['3', '4B']",,,"[1.1369, 2.252]",,
8,37,Leaf,,,12,0.5833333333333333,"[0.0833, 0.25, 0.5833, 0.0833]","['1', '2', '3', '4B']",,,"[0.4822, 1.1387, 1.9895, 0.2815]",,
9,18,Internal,disease_duration,[1 2 3],24,0.6319444444444444,"[0.0417, 0.125, 0.4583, 0.375]","['1', '2', '3', '4B']",0.45539419087136906,0.392894190871369,,"[0.5646, 0.1634, 0.7344, 1.6519]","[1.1539, 1.045, 0.9702, 1.0043]"
10,38,Leaf,,,25,0.5344,"[0.12, 0.04, 0.2, 0.64]","['1', '2', '3', '4B']",,,"[0.6944, 0.1822, 0.6821, 2.1619]",,
11,39,Leaf,,,23,0.6086956521739131,"[0.1304, 0.2174, 0.087, 0.5652]","['1', '2', '3', '4B']",,,"[0.7548, 0.9902, 0.2966, 1.9093]",,
12,19,Internal,PUMNS_LL,[0 1 3],48,0.5824652777777778,"[0.125, 0.125, 0.1458, 0.6042]","['1', '2', '3', '4B']",0.12028930338789502,0.09137927923330566,,"[0.8524, 0.2706, 1.8992, 0.9644]","[1.5604, 4.4311, 0.8999, 0.1983]"
13,9,Internal,CNS_LS,[1 2],72,0.6338734567901234,"[0.0972, 0.125, 0.25, 0.5278]","['1', '2', '3', '4B']",0.13497393977085703,0.11937624216575887,,"[0.4808, 0.3784, 2.4639, 0.5494]","[1.068, 1.4851, 1.7395, 0.5223]"
14,4,Internal,PUMNS_Bulbar,[0],113,0.6987234709061007,"[0.1681, 0.1681, 0.2212, 0.4425]","['1', '2', '3', '4B']",0.11492415782461589,0.08009652594717995,,"[1.9068, 1.8004, 0.7694, 0.4666]","[0.2689, 0.3723, 1.4087, 1.312]"
15,20,Leaf,,,21,0.0,[1.0],['4B'],,,[3.378],,
16,42,Leaf,,,110,0.3740495867768595,"[0.0364, 0.1636, 0.0273, 0.7727]","['2', '3', '4A', '4B']",,,"[0.1656, 0.5581, 1.9255, 2.6103]",,
17,43,Leaf,,,248,0.221774193548387,"[0.0081, 0.0323, 0.0645, 0.0161, 0.879]","['1', '2', '3', '4A', '4B']",,,"[0.0467, 0.1469, 0.22, 1.1387, 2.9694]",,
18,21,Internal,PUMNS_UP,[2],358,0.2731032115102524,"[0.0056, 0.0335, 0.095, 0.0196, 0.8464]","['1', '2', '3', '4A', '4B']",0.03239378506958969,0.025410934951581633,,"[20.3287, 3.7678, 3.135, 13.405, 0.2366]","[16.4313, 2.3584, 2.7977, 16.7279, 0.2793]"
19,10,Internal,disease_duration,[3],379,0.25975870399120027,"[0.0053, 0.0317, 0.0897, 0.0185, 0.8549]","['1', '2', '3', '4A', '4B']",0.04781660974317407,0.015585054256076626,,"[1.9559, 0.3964, 0.7067, 40.3399, 0.1973]","[2.8388, 1.1314, 2.0982, 35.27, 0.1281]"
20,44,Leaf,,,7,0.24489795918367352,"[0.1429, 0.8571]","['3', '4B']",,,"[0.4872, 2.8954]",,
21,45,Leaf,,,16,0.59375,"[0.375, 0.125, 0.5]","['2', '3', '4B']",,,"[1.7081, 0.4263, 1.689]",,
22,22,Internal,disease_duration,[1],23,0.5444234404536861,"[0.2609, 0.1304, 0.6087]","['2', '3', '4B']",0.19569892473118267,0.17742927167892097,,"[0.3067, 4.9112, 0.459]","[0.4723, 0.473, 1.3391]"
23,46,Leaf,,,19,0.2770083102493076,"[0.0526, 0.1053, 0.8421]","['1', '2', '4B']",,,"[0.3046, 0.4795, 2.8446]",,
24,47,Leaf,,,3,0.4444444444444445,"[0.6667, 0.3333]","['1', '3']",,,"[3.8579, 1.1369]",,
25,23,Internal,Age_at_onset,[0 2 3],22,0.4421487603305785,"[0.1364, 0.0909, 0.0455, 0.7273]","['1', '2', '3', '4B']",0.5392857142857141,0.44670886667289567,,"[0.2654, 0.735, 8.2836, 0.7156]","[3.9652, 0.5261, 6.0969, 0.1847]"
26,11,Internal,FVC,"{'0': ['6', '0', '-', '8', '0']}",45,0.5116049382716049,"[0.0667, 0.1778, 0.0889, 0.6667]","['1', '2', '3', '4B']",0.15426997245179078,0.12402942262361212,,"[1.0974, 0.7592, 6.6026, 0.3075]","[1.202, 0.2725, 3.745, 0.8078]"
27,5,Internal,MRC_Bulbar,[0 1 2],424,0.29226370594517626,"[0.0118, 0.0472, 0.0896, 0.0165, 0.8349]","['1', '2', '3', '4A', '4B']",0.05903177689554764,0.03633315543244475,,"[4.3887, 1.3315, 3.2572, 19.8272, 0.3188]","[4.3571, 1.6192, 5.3349, 11.0656, 0.2532]"
28,2,Internal,FVC,"{'0': ['>', '8', '0']}",537,0.4127974921021331,"[0.0447, 0.0726, 0.1173, 0.013, 0.7523]","['1', '2', '3', '4A', '4B']",0.11475675269798057,0.09527728609763708,,"[4.5264, 2.7244, 1.7859, 13.3643, 0.2873]","[0.3745, 0.6761, 1.1337, 20.6568, 0.707]"
29,48,Leaf,,,68,0.6500865051903114,"[0.3235, 0.4559, 0.1912, 0.0294]","['1', '2', '3', '4B']",,,"[1.8722, 2.0765, 0.652, 0.0994]",,
30,49,Leaf,,,220,0.5822727272727273,"[0.0182, 0.5636, 0.2909, 0.1227, 0.0045]","['0', '1', '2', '3', '4B']",,,"[4.2788, 3.2617, 1.325, 0.4186, 0.0154]",,
31,24,Internal,FVC,"{'0': ['4', '0', '-', '6', '0'], '1': ['6', '0', '-', '8', '0']}",288,0.6146074459876544,"[0.0139, 0.5069, 0.3299, 0.1389, 0.0104]","['0', '1', '2', '3', '4B']",0.05961539114879636,0.0545128554376317,,"[1.5485, 0.0539, 1.2047, 2.0306, 26.0915]","[1.3524, 1.6821, 0.1191, 0.3657, 3.6835]"
32,50,Leaf,,,14,0.13265306122448978,"[0.9286, 0.0714]","['2', '3']",,,"[4.2295, 0.2436]",,
33,51,Leaf,,,82,0.6058893515764426,"[0.1829, 0.5244, 0.2927]","['1', '2', '3']",,,"[1.0586, 2.3885, 0.9982]",,
34,25,Internal,Age_at_onset,[0],96,0.5674913194444443,"[0.1562, 0.5833, 0.2604]","['1', '2', '3']",0.1924313503201059,0.1081154427751006,,"[0.1995, 1.5227, 0.3094]","[1.9072, 0.3428, 1.9279]"
35,12,Internal,MRC_UL,[0 2],384,0.6407606336805555,"[0.0104, 0.4193, 0.3932, 0.1693, 0.0078]","['0', '1', '2', '3', '4B']",0.06695062998411007,0.06460820344928149,,"[3.6077, 1.7278, 0.1857, 0.4867, 10.5739]","[5.5777, 0.2502, 0.8923, 1.0186, 40.154]"
36,52,Leaf,,,68,0.44506920415224904,"[0.0147, 0.2353, 0.7059, 0.0294, 0.0147]","['1', '2', '3', '4A', '4B']",,,"[0.0851, 1.0717, 2.4075, 2.0765, 0.0497]",,
37,53,Leaf,,,44,0.5206611570247934,"[0.0227, 0.6136, 0.3182, 0.0227, 0.0227]","['1', '2', '3', '4A', '4B']",,,"[0.1315, 2.795, 1.0852, 1.6045, 0.0768]",,
38,26,Internal,PUMNS_UP,[1 2],112,0.5448022959183673,"[0.0179, 0.3839, 0.5536, 0.0268, 0.0179]","['1', '2', '3', '4A', '4B']",0.3104443346718836,0.28105874721735963,,"[2.9634, 0.3518, 0.5224, 9.1587, 15.5392]","[2.3829, 1.6839, 0.2419, 3.4648, 4.7174]"
39,54,Leaf,,,100,0.6129999999999999,"[0.12, 0.26, 0.55, 0.03, 0.04]","['1', '2', '3', '4A', '4B']",,,"[0.6944, 1.1843, 1.8758, 2.118, 0.1351]",,
40,55,Leaf,,,104,0.7104289940828401,"[0.0192, 0.3558, 0.2788, 0.2885, 0.0288, 0.0288]","['0', '1', '2', '3', '4A', '4B']",,,"[4.5256, 2.0588, 1.2701, 0.9838, 2.0365, 0.0974]",,
41,27,Internal,MRC_LL,[0 1],204,0.6938677431757015,"[0.0098, 0.2402, 0.2696, 0.4167, 0.0294, 0.0343]","['0', '1', '2', '3', '4A', '4B']",0.0944577701422521,0.08166109216735137,,"[2.535, 0.5027, 0.4989, 0.8801, 7.1112, 4.1978]","[3.5386, 2.1508, 0.4983, 0.1982, 3.9029, 3.4083]"
42,13,Internal,MRC_UL,[1],316,0.6597099823746194,"[0.0063, 0.1614, 0.3101, 0.4652, 0.0285, 0.0285]","['0', '1', '2', '3', '4A', '4B']",0.0746143216719839,0.05370344657361386,,"[20.7962, 0.9938, 0.4347, 0.2922, 6.1853, 9.1678]","[12.8685, 1.287, 0.6387, 0.2468, 5.3947, 8.5772]"
43,6,Internal,MRC_Bulbar,[3],700,0.6894897959183673,"[0.0086, 0.3029, 0.3557, 0.3029, 0.0129, 0.0171]","['0', '1', '2', '3', '4A', '4B']",0.06784301732212002,0.06387148684143779,,"[4.8256, 1.6411, 0.4221, 0.3418, 7.3979, 6.5824]","[4.272, 0.3062, 0.465, 1.2805, 8.7262, 11.9727]"
44,56,Leaf,,,3,0.0,[1.0],['3'],,,[3.4106],,
45,57,Leaf,,,1,0.0,[1.0],['4B'],,,[3.378],,
46,28,Internal,MRC_Bulbar,[2],4,0.375,"[0.75, 0.25]","['3', '4B']",1.0,1.0,,"[1.2567, 0.2298]","[0.0808, 3.7575]"
47,58,Leaf,,,127,0.2535805071610142,"[0.0157, 0.0945, 0.8583, 0.0236, 0.0079]","['1', '2', '3', '4A', '4B']",,,"[0.0911, 0.4304, 2.9272, 1.6677, 0.0266]",,
48,59,Leaf,,,1,0.0,[1.0],['4A'],,,[70.6],,
49,29,Internal,PEG,[0],128,0.2647705078125,"[0.0156, 0.0938, 0.8516, 0.0312, 0.0078]","['1', '2', '3', '4A', '4B']",0.04926548212419308,0.04926548212419308,,"[4.4338, 0.7731, 0.2524, 5.845, 58.9607]","[4.801, 0.8138, 0.2238, 12.4043, 34.625]"
50,14,Internal,Therapy,"{'0': ['E', 'd', 'a', 'r', 'a', 'v', 'o', 'n', 'e']}",132,0.27043158861340677,"[0.0152, 0.0909, 0.8485, 0.0303, 0.0152]","['1', '2', '3', '4A', '4B']",0.021866279602381748,0.009333408419001437,,"[3.3536, 1.0086, 0.327, 6.138, 26.0055]","[2.6371, 1.0317, 0.4054, 9.9002, 14.6672]"
51,60,Leaf,,,9,0.49382716049382713,"[0.4444, 0.5556]","['2', '3']",,,"[2.0244, 1.8948]",,
52,61,Leaf,,,15,0.12444444444444436,"[0.0667, 0.9333]","['2', '3']",,,"[0.3037, 3.1833]",,
53,30,Internal,PUMNS_Bulbar,[1],24,0.32986111111111116,"[0.2083, 0.7917]","['2', '3']",0.39555555555555555,0.38295051353874876,,"[1.7216, 0.8101]","[0.0741, 1.2437]"
54,62,Leaf,,,6,0.4444444444444445,"[0.6667, 0.3333]","['1', '3']",,,"[3.8579, 1.1369]",,
55,63,Leaf,,,13,0.6153846153846154,"[0.1538, 0.3846, 0.4615]","['1', '2', '3']",,,"[0.8903, 1.7519, 1.5741]",,
56,31,Internal,PUMNS_UP,[1],19,0.6537396121883657,"[0.3158, 0.2632, 0.4211]","['1', '2', '3']",0.2151515151515151,0.21515151515151515,,"[1.728, 0.3463, 0.8626]","[0.4875, 1.7995, 0.8846]"
57,15,Internal,disease_duration,[0 2 3],43,0.5321795565170362,"[0.1395, 0.2326, 0.6279]","['1', '2', '3']",0.294708858588457,0.2753256484865741,,"[0.1618, 0.257, 1.4615]","[2.6339, 1.3675, 0.5008]"
58,7,Internal,MRC_Bulbar,[0 1 2],175,0.3505632653061225,"[0.0457, 0.1257, 0.7943, 0.0229, 0.0114]","['1', '2', '3', '4A', '4B']",0.07926730744180766,0.06498998702076342,,"[1.3718, 0.884, 0.3697, 9.1925, 28.2079]","[1.9871, 0.9219, 0.3481, 9.0389, 27.1417]"
59,3,Internal,PUMNS_LL,[0 1 2],875,0.6794213877551021,"[0.0069, 0.2514, 0.3097, 0.4011, 0.0149, 0.016]","['0', '1', '2', '3', '4A', '4B']",0.08687000818660336,0.08423190392027875,,"[6.0535, 1.6295, 0.6362, 0.3376, 8.228, 5.8786]","[5.5352, 0.3128, 0.9188, 0.5198, 13.0169, 12.3094]"
60,1,Internal,VENTILATION,[1 3],1412,0.7481161071832693,"[0.0042, 0.1728, 0.2195, 0.2932, 0.0142, 0.296]","['0', '1', '2', '3', '4A', '4B']",0.22492754778381233,0.22315103527821392,,"[6.6798, 0.2638, 0.7206, 0.745, 17.8929, 0.9998]","[6.8673, 2.1134, 0.9962, 0.4896, 7.417, 0.4672]"
